,pointid,year,period,% bare soil
0,Km_10015,2022,R1,34.82839562706831
1,Km_10019,2022,R1,23.06780909132647
2,Km_10015,2022,R2,29.713073624796966
3,Km_10019,2022,R2,18.828707551919557
4,Km_10015,2022,R3,15.622313212616637
5,Km_10019,2022,R3,20.526793139734323
6,Km_10015,2022,R4,0.0
7,Km_10019,2022,R4,12.857603691571542
