,pointid,year,period,% bare soil
0,Km_10015,2023,R1,0.499656439181063
1,Km_10019,2023,R1,2.85369440590087
2,Km_10015,2023,R2,4.892916683961939
3,Km_10019,2023,R2,0.0
4,Km_10015,2023,R3,14.812046313612315
5,Km_10019,2023,R3,33.315551233071325
6,Km_10015,2023,R4,6.727511151827087
7,Km_10019,2023,R4,2.8380210070543153
